group,compressor,subset,mean,std,count
YATSERVER|BINCSVH1|ALTCONTROL,entropy,0-10 repetições,1.6840276002883907,0.42345011287425494,10
YATSERVER|BINCSVH1|ALTCONTROL,entropy,0-30 repetições,1.6493076960245763,0.3739250194191617,30
YATSERVER|BINCSVH1|ALTCONTROL,heif,0-10 repetições,55.02921996116638,1.6315353546562588,10
YATSERVER|BINCSVH1|ALTCONTROL,heif,0-30 repetições,55.48454889456431,1.7976047433046825,30
YATSERVER|BINCSVH1|ALTCONTROL,ppmd,0-10 repetições,21.51398389339447,1.8076965109487397,10
YATSERVER|BINCSVH1|ALTCONTROL,ppmd,0-30 repetições,20.937542875607807,1.537950554371985,30
YATSERVER|BINCSVH1|ALTCONTROL,zlib,0-10 repetições,6.3764056921005245,0.07946192882192217,10
YATSERVER|BINCSVH1|ALTCONTROL,zlib,0-30 repetições,6.392892797787984,0.12301770525748328,30
YATSERVER|BINCSVH1|BCLEAN,entropy,0-10 repetições,1.50082676410675,0.5756908942952931,10
YATSERVER|BINCSVH1|BCLEAN,entropy,0-30 repetições,1.5212877750396727,0.6600977333943445,30
YATSERVER|BINCSVH1|BCLEAN,heif,0-10 repetições,189.5488643884659,2.6141642022124274,10
YATSERVER|BINCSVH1|BCLEAN,heif,0-30 repetições,190.39787804285686,2.744176570104495,30
YATSERVER|BINCSVH1|BCLEAN,ppmd,0-10 repetições,1.2773928642272945,0.023436969037715787,10
YATSERVER|BINCSVH1|BCLEAN,ppmd,0-30 repetições,1.4694059213002517,0.6560564744776326,30
YATSERVER|BINCSVH1|BCLEAN,zlib,0-10 repetições,0.7875118970870967,0.030730562767315662,10
YATSERVER|BINCSVH1|BCLEAN,zlib,0-30 repetições,0.7867915232976274,0.032035796663118475,30
YATSERVER|BINCSVH1|INFINITE,entropy,0-10 repetições,1.7476698398590085,0.7086098971825239,10
YATSERVER|BINCSVH1|INFINITE,entropy,0-30 repetições,1.70126834710439,0.7710566187417017,30
YATSERVER|BINCSVH1|INFINITE,heif,0-10 repetições,187.56941223144528,1.7582025421422307,10
YATSERVER|BINCSVH1|INFINITE,heif,0-30 repetições,189.99187808036805,3.9293070958918928,30
YATSERVER|BINCSVH1|INFINITE,ppmd,0-10 repetições,1.6554644584655758,1.007182804228373,10
YATSERVER|BINCSVH1|INFINITE,ppmd,0-30 repetições,1.4980163892110183,0.6612307012636683,30
YATSERVER|BINCSVH1|INFINITE,zlib,0-10 repetições,0.5144295930862421,0.03362332197511027,10
YATSERVER|BINCSVH1|INFINITE,zlib,0-30 repetições,0.5082816282908117,0.03394666687825026,30
YATSERVER|BINCSVH1|MONO,entropy,0-10 repetições,1.2947783231735224,0.10815464091804884,10
YATSERVER|BINCSVH1|MONO,entropy,0-30 repetições,1.468375118573506,0.49405215349853326,30
YATSERVER|BINCSVH1|MONO,heif,0-10 repetições,114.96521444320679,3.2999802991062386,10
YATSERVER|BINCSVH1|MONO,heif,0-30 repetições,114.89238249460855,2.460238941116922,30
YATSERVER|BINCSVH1|MONO,ppmd,0-10 repetições,1.2907517910003659,0.03481758045055335,10
YATSERVER|BINCSVH1|MONO,ppmd,0-30 repetições,1.4986814578374223,0.6241593176677563,30
YATSERVER|BINCSVH1|MONO,zlib,0-10 repetições,0.4789553880691525,0.0051731624383333915,10
YATSERVER|BINCSVH1|MONO,zlib,0-30 repetições,0.5053309520085649,0.04043230680802416,30
YATSERVER|BINCSVH1|NOBREAK,entropy,0-10 repetições,3.583802366256714,1.0044201319772157,10
YATSERVER|BINCSVH1|NOBREAK,entropy,0-30 repetições,4.136436899503072,1.4419751092892563,30
YATSERVER|BINCSVH1|NOBREAK,heif,0-10 repetições,255.29729163646698,3.442818671596057,10
YATSERVER|BINCSVH1|NOBREAK,heif,0-30 repetições,255.22311387062072,4.1331475307876495,30
YATSERVER|BINCSVH1|NOBREAK,ppmd,0-10 repetições,7.658608245849609,1.2369021016109547,10
YATSERVER|BINCSVH1|NOBREAK,ppmd,0-30 repetições,7.730218696594238,1.292788667966258,30
YATSERVER|BINCSVH1|NOBREAK,zlib,0-10 repetições,4.212167382240295,0.08806627774197219,10
YATSERVER|BINCSVH1|NOBREAK,zlib,0-30 repetições,4.233842722574869,0.1176495616493002,30
YATSERVER|BINCSVH1|SLEEP,entropy,0-10 repetições,2.115409111976623,1.1144565645050855,10
YATSERVER|BINCSVH1|SLEEP,entropy,0-30 repetições,1.8104447762171423,0.8039408652218374,30
YATSERVER|BINCSVH1|SLEEP,heif,0-10 repetições,84.72450940608978,1.6011672433374913,10
YATSERVER|BINCSVH1|SLEEP,heif,0-30 repetições,85.39019185702006,2.367658014818745,30
YATSERVER|BINCSVH1|SLEEP,ppmd,0-10 repetições,1.4679223060607907,0.5679326772702765,10
YATSERVER|BINCSVH1|SLEEP,ppmd,0-30 repetições,1.433305176099141,0.4402587757190637,30
YATSERVER|BINCSVH1|SLEEP,zlib,0-10 repetições,1.232283544540405,0.012879161813980343,10
YATSERVER|BINCSVH1|SLEEP,zlib,0-30 repetições,1.2347208658854165,0.018564937740103715,30
YATSERVER|BINCSVH1|SWAP,entropy,0-10 repetições,4.404029607772827,1.1612986153081462,10
YATSERVER|BINCSVH1|SWAP,entropy,0-30 repetições,4.380791544914246,1.0562597949650545,30
YATSERVER|BINCSVH1|SWAP,heif,0-10 repetições,133.90330924987794,4.417551399986933,10
YATSERVER|BINCSVH1|SWAP,heif,0-30 repetições,133.01033934752147,2.8067904233755274,30
YATSERVER|BINCSVH1|SWAP,ppmd,0-10 repetições,3.135781240463256,0.45833099876709776,10
YATSERVER|BINCSVH1|SWAP,ppmd,0-30 repetições,3.504713741938273,0.9980244658118326,30
YATSERVER|BINCSVH1|SWAP,zlib,0-10 repetições,0.9319987297058102,0.055037386965942764,10
YATSERVER|BINCSVH1|SWAP,zlib,0-30 repetições,0.9288540601730342,0.047662038989919796,30
YATSERVER|BINCSVH1|UNLOCK,entropy,0-10 repetições,2.0091433286666867,1.0204888947357253,10
YATSERVER|BINCSVH1|UNLOCK,entropy,0-30 repetições,1.8924350738525388,0.8048583706891191,30
YATSERVER|BINCSVH1|UNLOCK,heif,0-10 repetições,174.41634862422944,4.6758428616454255,10
YATSERVER|BINCSVH1|UNLOCK,heif,0-30 repetições,174.43285722732543,4.418278666925708,30
YATSERVER|BINCSVH1|UNLOCK,ppmd,0-10 repetições,1.4811876058578488,0.5538827182944998,10
YATSERVER|BINCSVH1|UNLOCK,ppmd,0-30 repetições,1.4180260260899857,0.3989019184250411,30
YATSERVER|BINCSVH1|UNLOCK,zlib,0-10 repetições,0.9134122848510741,0.010787947248152758,10
YATSERVER|BINCSVH1|UNLOCK,zlib,0-30 repetições,0.9111426035563147,0.017471050913922887,30
YATSERVER|BINCSVH2|ALTCONTROL,entropy,0-10 repetições,0.9790514230728146,0.01784150486134651,10
YATSERVER|BINCSVH2|ALTCONTROL,entropy,0-30 repetições,1.0508282820383703,0.272579641871471,30
YATSERVER|BINCSVH2|ALTCONTROL,heif,0-10 repetições,95.68661050796509,2.7804943990121758,10
YATSERVER|BINCSVH2|ALTCONTROL,heif,0-30 repetições,96.22269569238027,2.7304971535718328,30
YATSERVER|BINCSVH2|ALTCONTROL,ppmd,0-10 repetições,21.33247129917145,1.2255737901458439,10
YATSERVER|BINCSVH2|ALTCONTROL,ppmd,0-30 repetições,20.453640198707582,1.493646718012243,30
YATSERVER|BINCSVH2|ALTCONTROL,zlib,0-10 repetições,6.787462520599365,0.2804904092744064,10
YATSERVER|BINCSVH2|ALTCONTROL,zlib,0-30 repetições,6.715064326922099,0.17693030383433103,30
YATSERVER|BINCSVH2|BCLEAN,entropy,0-10 repetições,1.3643939733505246,1.0794276004349408,10
YATSERVER|BINCSVH2|BCLEAN,entropy,0-30 repetições,1.1853325605392453,0.6653819750584863,30
YATSERVER|BINCSVH2|BCLEAN,heif,0-10 repetições,132.45344197750092,1.1509553181945456,10
YATSERVER|BINCSVH2|BCLEAN,heif,0-30 repetições,132.2495809475581,1.074060747218403,30
YATSERVER|BINCSVH2|BCLEAN,ppmd,0-10 repetições,1.2823556184768674,0.009032653992303298,10
YATSERVER|BINCSVH2|BCLEAN,ppmd,0-30 repetições,1.2827883640925086,0.011792986304053584,30
YATSERVER|BINCSVH2|BCLEAN,zlib,0-10 repetições,0.5228548288345334,0.00933965610073372,10
YATSERVER|BINCSVH2|BCLEAN,zlib,0-30 repetições,0.5242124716440831,0.00861342346192891,30
YATSERVER|BINCSVH2|INFINITE,entropy,0-10 repetições,1.0881975173950191,0.10976140842073467,10
YATSERVER|BINCSVH2|INFINITE,entropy,0-30 repetições,1.096767624219258,0.33130298061112456,30
YATSERVER|BINCSVH2|INFINITE,heif,0-10 repetições,186.63617594242095,2.240099604866292,10
YATSERVER|BINCSVH2|INFINITE,heif,0-30 repetições,187.22304295698802,3.05203771333624,30
YATSERVER|BINCSVH2|INFINITE,ppmd,0-10 repetições,1.7944843530654904,0.995120202513908,10
YATSERVER|BINCSVH2|INFINITE,ppmd,0-30 repetições,1.5734239816665645,0.6360704437896492,30
YATSERVER|BINCSVH2|INFINITE,zlib,0-10 repetições,0.6668913602828976,0.00889188592185093,10
YATSERVER|BINCSVH2|INFINITE,zlib,0-30 repetições,0.6666892766952511,0.013269100269505512,30
YATSERVER|BINCSVH2|MONO,entropy,0-10 repetições,1.5117727041244504,0.6302938186472763,10
YATSERVER|BINCSVH2|MONO,entropy,0-30 repetições,1.502051035563151,0.6748432030676054,30
YATSERVER|BINCSVH2|MONO,heif,0-10 repetições,322.31286787986755,3.2060670517767322,10
YATSERVER|BINCSVH2|MONO,heif,0-30 repetições,326.4257840077082,9.492675470664379,30
YATSERVER|BINCSVH2|MONO,ppmd,0-10 repetições,1.7159745216369626,0.9874193287837333,10
YATSERVER|BINCSVH2|MONO,ppmd,0-30 repetições,1.6375039180119828,0.7940805030366443,30
YATSERVER|BINCSVH2|MONO,zlib,0-10 repetições,0.6852391242980953,0.03941223186850849,10
YATSERVER|BINCSVH2|MONO,zlib,0-30 repetições,0.6859929800033566,0.03780752167114749,30
YATSERVER|BINCSVH2|NOBREAK,entropy,0-10 repetições,17.384192728996275,1.3515968146519433,10
YATSERVER|BINCSVH2|NOBREAK,entropy,0-30 repetições,17.572698450088502,1.6777010153282912,30
YATSERVER|BINCSVH2|NOBREAK,heif,0-10 repetições,227.9777334690094,1.3227365595347582,10
YATSERVER|BINCSVH2|NOBREAK,heif,0-30 repetições,229.0801695982615,3.176154922732895,30
YATSERVER|BINCSVH2|NOBREAK,ppmd,0-10 repetições,23.806950283050536,1.2998342746240168,10
YATSERVER|BINCSVH2|NOBREAK,ppmd,0-30 repetições,24.076863511403403,1.6806510010900062,30
YATSERVER|BINCSVH2|NOBREAK,zlib,0-10 repetições,2.2343899726867673,0.02960609236164426,10
YATSERVER|BINCSVH2|NOBREAK,zlib,0-30 repetições,2.2319630861282342,0.041904178774161416,30
YATSERVER|BINCSVH2|SLEEP,entropy,0-10 repetições,1.0571060895919795,0.1168408944250875,10
YATSERVER|BINCSVH2|SLEEP,entropy,0-30 repetições,1.1263340632120764,0.6078246910658279,30
YATSERVER|BINCSVH2|SLEEP,heif,0-10 repetições,130.97868328094484,1.1803576539076768,10
YATSERVER|BINCSVH2|SLEEP,heif,0-30 repetições,132.99544258912405,4.777728465166662,30
YATSERVER|BINCSVH2|SLEEP,ppmd,0-10 repetições,1.2752298355102536,0.02080306792431836,10
YATSERVER|BINCSVH2|SLEEP,ppmd,0-30 repetições,1.2752635002136228,0.01903043250581639,30
YATSERVER|BINCSVH2|SLEEP,zlib,0-10 repetições,0.5384617567062374,0.021846651750493155,10
YATSERVER|BINCSVH2|SLEEP,zlib,0-30 repetições,0.5283568461736039,0.015482479400280412,30
YATSERVER|BINCSVH2|SWAP,entropy,0-10 repetições,2.141516256332397,0.5822785533129845,10
YATSERVER|BINCSVH2|SWAP,entropy,0-30 repetições,2.1348829428354894,0.5591506034686718,30
YATSERVER|BINCSVH2|SWAP,heif,0-10 repetições,71.55431270599365,1.6401257827447375,10
YATSERVER|BINCSVH2|SWAP,heif,0-30 repetições,71.54070514043173,1.825148645304782,30
YATSERVER|BINCSVH2|SWAP,ppmd,0-10 repetições,1.8844439268112179,0.554290495700246,10
YATSERVER|BINCSVH2|SWAP,ppmd,0-30 repetições,1.844987908999125,0.42240151761794376,30
YATSERVER|BINCSVH2|SWAP,zlib,0-10 repetições,0.6587870359420773,0.007171559908932831,10
YATSERVER|BINCSVH2|SWAP,zlib,0-30 repetições,0.6592632214228309,0.00854124126131098,30
YATSERVER|BINCSVH2|UNLOCK,entropy,0-10 repetições,4.41037950515747,1.483177443134504,10
YATSERVER|BINCSVH2|UNLOCK,entropy,0-30 repetições,4.338259204228719,1.2284294972230518,30
YATSERVER|BINCSVH2|UNLOCK,heif,0-10 repetições,169.71231560707093,2.356674326368785,10
YATSERVER|BINCSVH2|UNLOCK,heif,0-30 repetições,169.5236232360204,1.817719666059169,30
YATSERVER|BINCSVH2|UNLOCK,ppmd,0-10 repetições,1.2807415246963498,0.01943421544868155,10
YATSERVER|BINCSVH2|UNLOCK,ppmd,0-30 repetições,1.283797987302144,0.02849276495949589,30
YATSERVER|BINCSVH2|UNLOCK,zlib,0-10 repetições,0.8067125320434567,0.012964545062641636,10
YATSERVER|BINCSVH2|UNLOCK,zlib,0-30 repetições,0.811425137519836,0.01810955980972757,30
YATSERVER|BINCSVH3|ALTCONTROL,entropy,0-10 repetições,1.190517449378967,0.5866209789019894,10
YATSERVER|BINCSVH3|ALTCONTROL,entropy,0-30 repetições,1.1904299497604365,0.6875787986959941,30
YATSERVER|BINCSVH3|ALTCONTROL,heif,0-10 repetições,111.67989773750305,2.687442639702673,10
YATSERVER|BINCSVH3|ALTCONTROL,heif,0-30 repetições,111.63453493118286,2.1285015067345565,30
YATSERVER|BINCSVH3|ALTCONTROL,ppmd,0-10 repetições,18.138609457015992,0.13003002609003486,10
YATSERVER|BINCSVH3|ALTCONTROL,ppmd,0-30 repetições,18.097103460629782,0.28418040336796996,30
YATSERVER|BINCSVH3|ALTCONTROL,zlib,0-10 repetições,6.583172345161438,0.11650017639632526,10
YATSERVER|BINCSVH3|ALTCONTROL,zlib,0-30 repetições,6.596008451779683,0.21267319840919754,30
YATSERVER|BINCSVH3|BCLEAN,entropy,0-10 repetições,1.662388706207275,0.978408426978489,10
YATSERVER|BINCSVH3|BCLEAN,entropy,0-30 repetições,1.4919827222824091,0.6277365521605877,30
YATSERVER|BINCSVH3|BCLEAN,heif,0-10 repetições,173.86830015182494,2.4464407062838243,10
YATSERVER|BINCSVH3|BCLEAN,heif,0-30 repetições,173.47585428555806,2.589475525017364,30
YATSERVER|BINCSVH3|BCLEAN,ppmd,0-10 repetições,1.2427451372146603,0.014562303820674338,10
YATSERVER|BINCSVH3|BCLEAN,ppmd,0-30 repetições,1.2464738607406614,0.01599199016978588,30
YATSERVER|BINCSVH3|BCLEAN,zlib,0-10 repetições,0.8094682931900021,0.018937459407543798,10
YATSERVER|BINCSVH3|BCLEAN,zlib,0-30 repetições,0.8111920674641923,0.03607743397561348,30
YATSERVER|BINCSVH3|INFINITE,entropy,0-10 repetições,1.086519908905029,0.11003404725347429,10
YATSERVER|BINCSVH3|INFINITE,entropy,0-30 repetições,1.0998836437861121,0.32318527235203665,30
YATSERVER|BINCSVH3|INFINITE,heif,0-10 repetições,86.6904666185379,1.9000253096258997,10
YATSERVER|BINCSVH3|INFINITE,heif,0-30 repetições,87.2344033241272,3.5055037943075082,30
YATSERVER|BINCSVH3|INFINITE,ppmd,0-10 repetições,1.6142424821853634,0.01387957739569697,10
YATSERVER|BINCSVH3|INFINITE,ppmd,0-30 repetições,1.646029655138651,0.07545226236300862,30
YATSERVER|BINCSVH3|INFINITE,zlib,0-10 repetições,0.6544893741607661,0.00956423672954564,10
YATSERVER|BINCSVH3|INFINITE,zlib,0-30 repetições,0.6586004336675003,0.011946023928686888,30
YATSERVER|BINCSVH3|MONO,entropy,0-10 repetições,1.542887258529663,0.5916902415858616,10
YATSERVER|BINCSVH3|MONO,entropy,0-30 repetições,1.4978742837905878,0.44221166947202534,30
YATSERVER|BINCSVH3|MONO,heif,0-10 repetições,100.03509578704833,0.7666426796757939,10
YATSERVER|BINCSVH3|MONO,heif,0-30 repetições,100.35693022410075,1.1860177002637435,30
YATSERVER|BINCSVH3|MONO,ppmd,0-10 repetições,1.2625051498413082,0.05109061027638588,10
YATSERVER|BINCSVH3|MONO,ppmd,0-30 repetições,1.2620494922002152,0.04027218284848834,30
YATSERVER|BINCSVH3|MONO,zlib,0-10 repetições,0.5174312114715572,0.006633940125810495,10
YATSERVER|BINCSVH3|MONO,zlib,0-30 repetições,0.5229530334472652,0.022977745199414572,30
YATSERVER|BINCSVH3|NOBREAK,entropy,0-10 repetições,17.76017050743103,1.691735330430882,10
YATSERVER|BINCSVH3|NOBREAK,entropy,0-30 repetições,17.4390327056249,1.491486364504411,30
YATSERVER|BINCSVH3|NOBREAK,heif,0-10 repetições,103.58673813343049,2.944287447987535,10
YATSERVER|BINCSVH3|NOBREAK,heif,0-30 repetições,103.1827715476354,1.9145080309444105,30
YATSERVER|BINCSVH3|NOBREAK,ppmd,0-10 repetições,7.749201250076294,0.12076250814736351,10
YATSERVER|BINCSVH3|NOBREAK,ppmd,0-30 repetições,7.695080852508545,0.08892058193039899,30
YATSERVER|BINCSVH3|NOBREAK,zlib,0-10 repetições,3.831898021697998,0.016166432813225128,10
YATSERVER|BINCSVH3|NOBREAK,zlib,0-30 repetições,3.832333238919576,0.05181032709170863,30
YATSERVER|BINCSVH3|SLEEP,entropy,0-10 repetições,4.892730236053467,1.2440771426461965,10
YATSERVER|BINCSVH3|SLEEP,entropy,0-30 repetições,4.701582956314087,1.019266579830094,30
YATSERVER|BINCSVH3|SLEEP,heif,0-10 repetições,102.6560518503189,1.8108724336543536,10
YATSERVER|BINCSVH3|SLEEP,heif,0-30 repetições,103.35800250371297,3.092821320061689,30
YATSERVER|BINCSVH3|SLEEP,ppmd,0-10 repetições,2.3871497869491574,0.037959205140219256,10
YATSERVER|BINCSVH3|SLEEP,ppmd,0-30 repetições,2.3871985356012977,0.030746890174767585,30
YATSERVER|BINCSVH3|SLEEP,zlib,0-10 repetições,2.6541429281234743,0.03659267213723978,10
YATSERVER|BINCSVH3|SLEEP,zlib,0-30 repetições,2.6351116339365643,0.036350414045998834,30
YATSERVER|BINCSVH3|SWAP,entropy,0-10 repetições,17.372163510322572,1.9334786707184228,10
YATSERVER|BINCSVH3|SWAP,entropy,0-30 repetições,17.772145946820576,1.6363755995782823,30
YATSERVER|BINCSVH3|SWAP,heif,0-10 repetições,191.76045660972596,3.7652973098159213,10
YATSERVER|BINCSVH3|SWAP,heif,0-30 repetições,191.7286805152893,3.385599617316886,30
YATSERVER|BINCSVH3|SWAP,ppmd,0-10 repetições,4.7224565029144285,0.027477936011860958,10
YATSERVER|BINCSVH3|SWAP,ppmd,0-30 repetições,4.742405581474304,0.04844739962066054,30
YATSERVER|BINCSVH3|SWAP,zlib,0-10 repetições,2.399828195571899,0.019209341056022615,10
YATSERVER|BINCSVH3|SWAP,zlib,0-30 repetições,2.4126821358998614,0.02585189313059191,30
YATSERVER|BINCSVH3|UNLOCK,entropy,0-10 repetições,2.086752319335937,0.5695348155198563,10
YATSERVER|BINCSVH3|UNLOCK,entropy,0-30 repetições,2.179187353452046,0.693209797951177,30
YATSERVER|BINCSVH3|UNLOCK,heif,0-10 repetições,112.3232744693756,12.656400752563293,10
YATSERVER|BINCSVH3|UNLOCK,heif,0-30 repetições,107.15087071259816,9.056948622609628,30
YATSERVER|BINCSVH3|UNLOCK,ppmd,0-10 repetições,1.2301658868789669,0.010461880976856847,10
YATSERVER|BINCSVH3|UNLOCK,ppmd,0-30 repetições,1.2407037417093911,0.03118004893858002,30
YATSERVER|BINCSVH3|UNLOCK,zlib,0-10 repetições,0.6499902486801142,0.009603705540036226,10
YATSERVER|BINCSVH3|UNLOCK,zlib,0-30 repetições,0.6502755482991531,0.009807285234765019,30
YATSERVER|BINCSVL1|ALTCONTROL,entropy,0-10 repetições,1.164258527755737,0.529552968691562,10
YATSERVER|BINCSVL1|ALTCONTROL,entropy,0-30 repetições,1.106744877497355,0.39034780092020477,30
YATSERVER|BINCSVL1|ALTCONTROL,heif,0-10 repetições,30.37694444656372,1.2380495724285057,10
YATSERVER|BINCSVL1|ALTCONTROL,heif,0-30 repetições,30.656139413515728,1.0104410688275518,30
YATSERVER|BINCSVL1|ALTCONTROL,ppmd,0-10 repetições,21.384736156463624,1.7204897260405234,10
YATSERVER|BINCSVL1|ALTCONTROL,ppmd,0-30 repetições,21.30172673861186,1.4308012011004012,30
YATSERVER|BINCSVL1|ALTCONTROL,zlib,0-10 repetições,6.56101622581482,0.0676766141674701,10
YATSERVER|BINCSVL1|ALTCONTROL,zlib,0-30 repetições,6.59609150091807,0.0987904823566531,30
YATSERVER|BINCSVL1|BCLEAN,entropy,0-10 repetições,0.9764813423156735,0.01137257653584028,10
YATSERVER|BINCSVL1|BCLEAN,entropy,0-30 repetições,1.1329062382380166,0.619498356928619,30
YATSERVER|BINCSVL1|BCLEAN,heif,0-10 repetições,182.45740060806276,2.4571091218329952,10
YATSERVER|BINCSVL1|BCLEAN,heif,0-30 repetições,182.7195010503133,2.35741783752389,30
YATSERVER|BINCSVL1|BCLEAN,ppmd,0-10 repetições,2.0567553520202635,0.9722580616596148,10
YATSERVER|BINCSVL1|BCLEAN,ppmd,0-30 repetições,1.9786536773045855,0.6990259728275741,30
YATSERVER|BINCSVL1|BCLEAN,zlib,0-10 repetições,0.5218633651733393,0.012703256591622438,10
YATSERVER|BINCSVL1|BCLEAN,zlib,0-30 repetições,0.5168340444564815,0.00899622090515102,30
YATSERVER|BINCSVL1|INFINITE,entropy,0-10 repetições,1.7501278877258297,0.41723337827167806,10
YATSERVER|BINCSVL1|INFINITE,entropy,0-30 repetições,1.8011490503946936,0.6741606134123952,30
YATSERVER|BINCSVL1|INFINITE,heif,0-10 repetições,129.1660395860672,1.167574253301481,10
YATSERVER|BINCSVL1|INFINITE,heif,0-30 repetições,130.76172527472178,2.8039471089396044,30
YATSERVER|BINCSVL1|INFINITE,ppmd,0-10 repetições,1.7263093709945676,0.9942862362391927,10
YATSERVER|BINCSVL1|INFINITE,ppmd,0-30 repetições,1.5796146154403685,0.7973272443897844,30
YATSERVER|BINCSVL1|INFINITE,zlib,0-10 repetições,0.51576018333435,0.011786948432599946,10
YATSERVER|BINCSVL1|INFINITE,zlib,0-30 repetições,0.5402475674947098,0.051579315304611184,30
YATSERVER|BINCSVL1|MONO,entropy,0-10 repetições,2.510077571868896,0.5288800246315992,10
YATSERVER|BINCSVL1|MONO,entropy,0-30 repetições,2.462517833709717,0.5015082989318326,30
YATSERVER|BINCSVL1|MONO,heif,0-10 repetições,291.746168923378,2.2960618781405264,10
YATSERVER|BINCSVL1|MONO,heif,0-30 repetições,293.3712112585703,9.195675710442629,30
YATSERVER|BINCSVL1|MONO,ppmd,0-10 repetições,1.850621938705444,0.42473972527323023,10
YATSERVER|BINCSVL1|MONO,ppmd,0-30 repetições,1.9272494316101072,0.5134703947922571,30
YATSERVER|BINCSVL1|MONO,zlib,0-10 repetições,0.9620470762252802,0.017387888334242693,10
YATSERVER|BINCSVL1|MONO,zlib,0-30 repetições,0.9578330039978024,0.02279172172871646,30
YATSERVER|BINCSVL1|NOBREAK,entropy,0-10 repetições,8.032453513145446,1.3251114899644103,10
YATSERVER|BINCSVL1|NOBREAK,entropy,0-30 repetições,8.128081504503886,1.4966552949003764,30
YATSERVER|BINCSVL1|NOBREAK,heif,0-10 repetições,225.14840137958527,2.4485009955549453,10
YATSERVER|BINCSVL1|NOBREAK,heif,0-30 repetições,223.90577907562255,2.3270928726550566,30
YATSERVER|BINCSVL1|NOBREAK,ppmd,0-10 repetições,23.46823651790619,1.1091014692259296,10
YATSERVER|BINCSVL1|NOBREAK,ppmd,0-30 repetições,23.804096476236978,1.5407230389541031,30
YATSERVER|BINCSVL1|NOBREAK,zlib,0-10 repetições,7.132871341705322,0.24074287583354095,10
YATSERVER|BINCSVL1|NOBREAK,zlib,0-30 repetições,7.0069930712382,0.17095490890207066,30
YATSERVER|BINCSVL1|SLEEP,entropy,0-10 repetições,1.6599469900131223,0.1673122826291888,10
YATSERVER|BINCSVL1|SLEEP,entropy,0-30 repetições,1.8172605435053504,0.653439453450109,30
YATSERVER|BINCSVL1|SLEEP,heif,0-10 repetições,202.215021276474,1.8325595413153775,10
YATSERVER|BINCSVL1|SLEEP,heif,0-30 repetições,203.33367035388946,2.233742683652322,30
YATSERVER|BINCSVL1|SLEEP,ppmd,0-10 repetições,1.618794751167297,1.0096650523057822,10
YATSERVER|BINCSVL1|SLEEP,ppmd,0-30 repetições,1.5610480388005572,0.8317923252094783,30
YATSERVER|BINCSVL1|SLEEP,zlib,0-10 repetições,1.2963737249374385,0.03680058490052103,10
YATSERVER|BINCSVL1|SLEEP,zlib,0-30 repetições,1.294547343254089,0.024469032728069155,30
YATSERVER|BINCSVL1|SWAP,entropy,0-10 repetições,6.365103721618652,1.009369956113676,10
YATSERVER|BINCSVL1|SWAP,entropy,0-30 repetições,6.339858357111613,1.2347492253391386,30
YATSERVER|BINCSVL1|SWAP,heif,0-10 repetições,96.74087767601013,1.519352192468858,10
YATSERVER|BINCSVL1|SWAP,heif,0-30 repetições,97.12941950162252,2.042133030698952,30
YATSERVER|BINCSVL1|SWAP,ppmd,0-10 repetições,3.921878552436828,0.640920266992773,10
YATSERVER|BINCSVL1|SWAP,ppmd,0-30 repetições,3.8216019709904985,0.7217174748032837,30
YATSERVER|BINCSVL1|SWAP,zlib,0-10 repetições,3.1407243728637693,0.15147477153266078,10
YATSERVER|BINCSVL1|SWAP,zlib,0-30 repetições,3.1172557274500523,0.13717996964922496,30
YATSERVER|BINCSVL1|UNLOCK,entropy,0-10 repetições,3.6077879667282104,0.5585975857525811,10
YATSERVER|BINCSVL1|UNLOCK,entropy,0-30 repetições,3.654620758692423,0.7306555191682573,30
YATSERVER|BINCSVL1|UNLOCK,heif,0-10 repetições,227.45032861232758,4.035796473753418,10
YATSERVER|BINCSVL1|UNLOCK,heif,0-30 repetições,229.01863146622975,4.464678596027038,30
YATSERVER|BINCSVL1|UNLOCK,ppmd,0-10 repetições,1.4624463319778438,0.49738213269654197,10
YATSERVER|BINCSVL1|UNLOCK,ppmd,0-30 repetições,1.5027225494384764,0.698594885491186,30
YATSERVER|BINCSVL1|UNLOCK,zlib,0-10 repetições,0.64361982345581,0.0067632403973339585,10
YATSERVER|BINCSVL1|UNLOCK,zlib,0-30 repetições,0.652777004241943,0.01452899026458416,30
YATSERVER|BINCSVL2|ALTCONTROL,entropy,0-10 repetições,1.6620264530181885,1.0423988915334583,10
YATSERVER|BINCSVL2|ALTCONTROL,entropy,0-30 repetições,1.5350605726242064,0.8241653918621269,30
YATSERVER|BINCSVL2|ALTCONTROL,heif,0-10 repetições,185.30768058300018,2.8403166467562673,10
YATSERVER|BINCSVL2|ALTCONTROL,heif,0-30 repetições,188.29144277572632,8.793189472103936,30
YATSERVER|BINCSVL2|ALTCONTROL,ppmd,0-10 repetições,20.73388726711273,1.0762849619564696,10
YATSERVER|BINCSVL2|ALTCONTROL,ppmd,0-30 repetições,20.74817813237508,1.2725549613126548,30
YATSERVER|BINCSVL2|ALTCONTROL,zlib,0-10 repetições,6.269659113883972,0.0968788647960618,10
YATSERVER|BINCSVL2|ALTCONTROL,zlib,0-30 repetições,6.288022804260254,0.10980256940747098,30
YATSERVER|BINCSVL2|BCLEAN,entropy,0-10 repetições,1.925784039497375,0.9952137063604657,10
YATSERVER|BINCSVL2|BCLEAN,entropy,0-30 repetições,1.9125044981638588,0.8261588717594155,30
YATSERVER|BINCSVL2|BCLEAN,heif,0-10 repetições,452.56273701190946,5.999268790293228,10
YATSERVER|BINCSVL2|BCLEAN,heif,0-30 repetições,451.3952891508738,4.233561313784531,30
YATSERVER|BINCSVL2|BCLEAN,ppmd,0-10 repetições,1.30565972328186,0.021602248894498945,10
YATSERVER|BINCSVL2|BCLEAN,ppmd,0-30 repetições,1.3916390577952062,0.2544667478155417,30
YATSERVER|BINCSVL2|BCLEAN,zlib,0-10 repetições,0.48561909198760944,0.007692271159433384,10
YATSERVER|BINCSVL2|BCLEAN,zlib,0-30 repetições,0.48551473617553664,0.006456956202378327,30
YATSERVER|BINCSVL2|INFINITE,entropy,0-10 repetições,2.136338829994201,1.3733104841451766,10
YATSERVER|BINCSVL2|INFINITE,entropy,0-30 repetições,1.7098478555679317,1.0008583400994466,30
YATSERVER|BINCSVL2|INFINITE,heif,0-10 repetições,113.60588164329529,3.921260313366174,10
YATSERVER|BINCSVL2|INFINITE,heif,0-30 repetições,113.08199558258056,2.710473076636038,30
YATSERVER|BINCSVL2|INFINITE,ppmd,0-10 repetições,1.3725007295608518,0.10170426830864143,10
YATSERVER|BINCSVL2|INFINITE,ppmd,0-30 repetições,1.4876036405563349,0.46716469268694943,30
YATSERVER|BINCSVL2|INFINITE,zlib,0-10 repetições,0.6168667316436762,0.007717981887156229,10
YATSERVER|BINCSVL2|INFINITE,zlib,0-30 repetições,0.6326310555140172,0.043528244206377804,30
YATSERVER|BINCSVL2|MONO,entropy,0-10 repetições,6.601733016967773,2.398037967304059,10
YATSERVER|BINCSVL2|MONO,entropy,0-30 repetições,5.161662292480469,1.8683942407942407,30
YATSERVER|BINCSVL2|MONO,heif,0-10 repetições,214.41521701812744,39.518194222451584,10
YATSERVER|BINCSVL2|MONO,heif,0-30 repetições,193.59031901359558,26.751301524718386,30
YATSERVER|BINCSVL2|MONO,ppmd,0-10 repetições,1.6032836437225337,0.5481990944200034,10
YATSERVER|BINCSVL2|MONO,ppmd,0-30 repetições,1.4945136070251464,0.4536423461083051,30
YATSERVER|BINCSVL2|MONO,zlib,0-10 repetições,0.792213463783264,0.15033525393357494,10
YATSERVER|BINCSVL2|MONO,zlib,0-30 repetições,0.7622081995010372,0.0923022377660036,30
YATSERVER|BINCSVL2|NOBREAK,entropy,0-10 repetições,22.63060827255249,1.9072589103402502,10
YATSERVER|BINCSVL2|NOBREAK,entropy,0-30 repetições,21.43743543624878,2.087583610806798,30
YATSERVER|BINCSVL2|NOBREAK,heif,0-10 repetições,98.86796901226043,2.195790429137766,10
YATSERVER|BINCSVL2|NOBREAK,heif,0-30 repetições,98.47831412951152,2.14965891550275,30
YATSERVER|BINCSVL2|NOBREAK,ppmd,0-10 repetições,7.184919691085815,1.2259437968131648,10
YATSERVER|BINCSVL2|NOBREAK,ppmd,0-30 repetições,6.900999744733174,1.1300743254370498,30
YATSERVER|BINCSVL2|NOBREAK,zlib,0-10 repetições,1.2267465114593503,0.022060367768884176,10
YATSERVER|BINCSVL2|NOBREAK,zlib,0-30 repetições,1.2379489819208775,0.04011275514060465,30
YATSERVER|BINCSVL2|SLEEP,entropy,0-10 repetições,2.742185091972351,0.978455291254834,10
YATSERVER|BINCSVL2|SLEEP,entropy,0-30 repetições,2.923163119951884,0.9972296526529741,30
YATSERVER|BINCSVL2|SLEEP,heif,0-10 repetições,148.5286879301071,3.5673790202865114,10
YATSERVER|BINCSVL2|SLEEP,heif,0-30 repetições,147.46492108503978,3.7498531288709764,30
YATSERVER|BINCSVL2|SLEEP,ppmd,0-10 repetições,1.6170191287994382,0.9883917440403377,10
YATSERVER|BINCSVL2|SLEEP,ppmd,0-30 repetições,1.57458279132843,0.7858760741964887,30
YATSERVER|BINCSVL2|SLEEP,zlib,0-10 repetições,1.2313478708267207,0.027605211170505548,10
YATSERVER|BINCSVL2|SLEEP,zlib,0-30 repetições,1.2329507191975906,0.028883456967404627,30
YATSERVER|BINCSVL2|SWAP,entropy,0-10 repetições,3.651274871826172,1.9335190196556757,10
YATSERVER|BINCSVL2|SWAP,entropy,0-30 repetições,2.7674321810404456,1.3801984201643758,30
YATSERVER|BINCSVL2|SWAP,heif,0-10 repetições,82.16445555686951,1.5586569232216296,10
YATSERVER|BINCSVL2|SWAP,heif,0-30 repetições,82.08020904858907,1.59524449874584,30
YATSERVER|BINCSVL2|SWAP,ppmd,0-10 repetições,2.4948903560638427,0.9996278985915393,10
YATSERVER|BINCSVL2|SWAP,ppmd,0-30 repetições,2.4580840110778803,0.9772746373551192,30
YATSERVER|BINCSVL2|SWAP,zlib,0-10 repetições,3.1534384012222287,0.08069984455953386,10
YATSERVER|BINCSVL2|SWAP,zlib,0-30 repetições,3.1538680632909135,0.06532222489441253,30
YATSERVER|BINCSVL2|UNLOCK,entropy,0-10 repetições,6.653822731971741,1.1085178194031506,10
YATSERVER|BINCSVL2|UNLOCK,entropy,0-30 repetições,6.398574662208557,1.3379519969543012,30
YATSERVER|BINCSVL2|UNLOCK,heif,0-10 repetições,221.50896413326262,2.4647345418107025,10
YATSERVER|BINCSVL2|UNLOCK,heif,0-30 repetições,221.76161114374796,2.607190982217188,30
YATSERVER|BINCSVL2|UNLOCK,ppmd,0-10 repetições,1.8407322168350215,0.4466652873620409,10
YATSERVER|BINCSVL2|UNLOCK,ppmd,0-30 repetições,1.9696539163589475,0.7392208958386021,30
YATSERVER|BINCSVL2|UNLOCK,zlib,0-10 repetições,0.48873174190521207,0.009536286404221578,10
YATSERVER|BINCSVL2|UNLOCK,zlib,0-30 repetições,0.48947865962982134,0.015427435957237572,30
YATSERVER|BINCSVL3|ALTCONTROL,entropy,0-10 repetições,0.9957024097442625,0.07660994821785676,10
YATSERVER|BINCSVL3|ALTCONTROL,entropy,0-30 repetições,1.026292498906453,0.2377275030348729,30
YATSERVER|BINCSVL3|ALTCONTROL,heif,0-10 repetições,39.333743000030516,1.3678743247136742,10
YATSERVER|BINCSVL3|ALTCONTROL,heif,0-30 repetições,39.22909004688263,1.4201313868851095,30
YATSERVER|BINCSVL3|ALTCONTROL,ppmd,0-10 repetições,20.61759760379791,1.4593677257266562,10
YATSERVER|BINCSVL3|ALTCONTROL,ppmd,0-30 repetições,20.51786864598592,1.3127504312326268,30
YATSERVER|BINCSVL3|ALTCONTROL,zlib,0-10 repetições,6.391791772842407,0.2626356673768738,10
YATSERVER|BINCSVL3|ALTCONTROL,zlib,0-30 repetições,6.341215435663859,0.1546281363545015,30
YATSERVER|BINCSVL3|BCLEAN,entropy,0-10 repetições,1.1775214672088619,0.5598913878835338,10
YATSERVER|BINCSVL3|BCLEAN,entropy,0-30 repetições,1.1286942640940345,0.4707044931222577,30
YATSERVER|BINCSVL3|BCLEAN,heif,0-10 repetições,139.06748266220092,3.217101542503621,10
YATSERVER|BINCSVL3|BCLEAN,heif,0-30 repetições,139.09830792744955,2.815178233141647,30
YATSERVER|BINCSVL3|BCLEAN,ppmd,0-10 repetições,1.4148047447204586,0.41929024532003906,10
YATSERVER|BINCSVL3|BCLEAN,ppmd,0-30 repetições,1.4022548357645666,0.3957191997900906,30
YATSERVER|BINCSVL3|BCLEAN,zlib,0-10 repetições,0.6500176191329952,0.022785892828149672,10
YATSERVER|BINCSVL3|BCLEAN,zlib,0-30 repetições,0.6404947121938065,0.01591296147517916,30
YATSERVER|BINCSVL3|INFINITE,entropy,0-10 repetições,1.2677111625671382,0.045718120744875204,10
YATSERVER|BINCSVL3|INFINITE,entropy,0-30 repetições,1.4410241365432734,0.631527592188765,30
YATSERVER|BINCSVL3|INFINITE,heif,0-10 repetições,664.07473154068,9.10244996469511,10
YATSERVER|BINCSVL3|INFINITE,heif,0-30 repetições,662.5856870492299,9.413577481542415,30
YATSERVER|BINCSVL3|INFINITE,ppmd,0-10 repetições,1.36865541934967,0.20019883289836507,10
YATSERVER|BINCSVL3|INFINITE,ppmd,0-30 repetições,1.5817901849746703,0.8038838378269332,30
YATSERVER|BINCSVL3|INFINITE,zlib,0-10 repetições,0.4944900035858148,0.003998197452209988,10
YATSERVER|BINCSVL3|INFINITE,zlib,0-30 repetições,0.49944330851236934,0.018165891077619113,30
YATSERVER|BINCSVL3|MONO,entropy,0-10 repetições,1.520183706283569,0.02020939390188833,10
YATSERVER|BINCSVL3|MONO,entropy,0-30 repetições,1.6843617916107172,0.45927132439498847,30
YATSERVER|BINCSVL3|MONO,heif,0-10 repetições,77.93925008773803,1.9342735368613835,10
YATSERVER|BINCSVL3|MONO,heif,0-30 repetições,77.28123618761698,1.7007169660956274,30
YATSERVER|BINCSVL3|MONO,ppmd,0-10 repetições,2.0266684770584105,0.9850732939615737,10
YATSERVER|BINCSVL3|MONO,ppmd,0-30 repetições,1.9659766753514605,0.8369983108486919,30
YATSERVER|BINCSVL3|MONO,zlib,0-10 repetições,0.49325630664825404,0.007606519222336731,10
YATSERVER|BINCSVL3|MONO,zlib,0-30 repetições,0.4970285336176551,0.01626061660145418,30
YATSERVER|BINCSVL3|NOBREAK,entropy,0-10 repetições,1.9700168132781979,0.4356764261179656,10
YATSERVER|BINCSVL3|NOBREAK,entropy,0-30 repetições,2.047678216298421,0.6918987274021476,30
YATSERVER|BINCSVL3|NOBREAK,heif,0-10 repetições,138.69548480510713,2.385377428026293,10
YATSERVER|BINCSVL3|NOBREAK,heif,0-30 repetições,138.27360492547353,2.161082817857275,30
YATSERVER|BINCSVL3|NOBREAK,ppmd,0-10 repetições,5.12346351146698,0.6323482280708351,10
YATSERVER|BINCSVL3|NOBREAK,ppmd,0-30 repetições,5.483763281504313,1.2458892690744292,30
YATSERVER|BINCSVL3|NOBREAK,zlib,0-10 repetições,4.194290328025818,0.0760834462277448,10
YATSERVER|BINCSVL3|NOBREAK,zlib,0-30 repetições,4.214841890335083,0.07276032411697556,30
YATSERVER|BINCSVL3|SLEEP,entropy,0-10 repetições,1.3774734497070307,0.4175008552484881,10
YATSERVER|BINCSVL3|SLEEP,entropy,0-30 repetições,1.4092881361643468,0.399252493588332,30
YATSERVER|BINCSVL3|SLEEP,heif,0-10 repetições,194.31539981365205,4.13500523642075,10
YATSERVER|BINCSVL3|SLEEP,heif,0-30 repetições,192.9723183075587,2.943863764806316,30
YATSERVER|BINCSVL3|SLEEP,ppmd,0-10 repetições,1.5677881240844722,1.011114884290722,10
YATSERVER|BINCSVL3|SLEEP,ppmd,0-30 repetições,1.4681089560190832,0.6234333050232396,30
YATSERVER|BINCSVL3|SLEEP,zlib,0-10 repetições,0.7828576326370236,0.01101141019072227,10
YATSERVER|BINCSVL3|SLEEP,zlib,0-30 repetições,0.7818265676498408,0.017801724352284574,30
YATSERVER|BINCSVL3|SWAP,entropy,0-10 repetições,1.2922860622406003,1.0027208034865724,10
YATSERVER|BINCSVL3|SWAP,entropy,0-30 repetições,1.1632672389348346,0.616233993108216,30
YATSERVER|BINCSVL3|SWAP,heif,0-10 repetições,137.51033527851104,1.5836481789290153,10
YATSERVER|BINCSVL3|SWAP,heif,0-30 repetições,137.04322193463642,1.7227227660423658,30
YATSERVER|BINCSVL3|SWAP,ppmd,0-10 repetições,1.2658127784729,0.011036550891557325,10
YATSERVER|BINCSVL3|SWAP,ppmd,0-30 repetições,1.4795935710271195,0.6255022237710472,30
YATSERVER|BINCSVL3|SWAP,zlib,0-10 repetições,0.5015177965164178,0.013283435218929893,10
YATSERVER|BINCSVL3|SWAP,zlib,0-30 repetições,0.4937190532684321,0.010602402288315127,30
YATSERVER|BINCSVL3|UNLOCK,entropy,0-10 repetições,5.782008099555969,1.035173041227093,10
YATSERVER|BINCSVL3|UNLOCK,entropy,0-30 repetições,5.840150094032287,1.0625032213107675,30
YATSERVER|BINCSVL3|UNLOCK,heif,0-10 repetições,64.21658945083618,1.1769226237742119,10
YATSERVER|BINCSVL3|UNLOCK,heif,0-30 repetições,64.47655435403188,0.8660723042915077,30
YATSERVER|BINCSVL3|UNLOCK,ppmd,0-10 repetições,8.00733151435852,1.366720005222849,10
YATSERVER|BINCSVL3|UNLOCK,ppmd,0-30 repetições,8.023117796579998,1.2676659056353392,30
YATSERVER|BINCSVL3|UNLOCK,zlib,0-10 repetições,2.1428939342498774,0.04615030565441657,10
YATSERVER|BINCSVL3|UNLOCK,zlib,0-30 repetições,2.1758882204691563,0.11407993368230263,30
YATSERVER|BINCSVM1|ALTCONTROL,entropy,0-10 repetições,1.1967360258102413,0.5564469505016678,10
YATSERVER|BINCSVM1|ALTCONTROL,entropy,0-30 repetições,1.1477889537811274,0.3939605505315605,30
YATSERVER|BINCSVM1|ALTCONTROL,heif,0-10 repetições,95.05585792064667,1.5048955751553632,10
YATSERVER|BINCSVM1|ALTCONTROL,heif,0-30 repetições,94.84147005875906,1.4532435338493788,30
YATSERVER|BINCSVM1|ALTCONTROL,ppmd,0-10 repetições,21.136994576454164,1.28039289274757,10
YATSERVER|BINCSVM1|ALTCONTROL,ppmd,0-30 repetições,20.64662714799245,1.457822036446434,30
YATSERVER|BINCSVM1|ALTCONTROL,zlib,0-10 repetições,6.488484907150268,0.11492824705190607,10
YATSERVER|BINCSVM1|ALTCONTROL,zlib,0-30 repetições,6.4773451566696165,0.09582110998794484,30
YATSERVER|BINCSVM1|BCLEAN,entropy,0-10 repetições,1.1568310976028435,0.4141248272642966,10
YATSERVER|BINCSVM1|BCLEAN,entropy,0-30 repetições,1.1399350643157955,0.34697825897239337,30
YATSERVER|BINCSVM1|BCLEAN,heif,0-10 repetições,327.3546240568161,3.2764718897432825,10
YATSERVER|BINCSVM1|BCLEAN,heif,0-30 repetições,326.4335430622101,3.1889992143998747,30
YATSERVER|BINCSVM1|BCLEAN,ppmd,0-10 repetições,1.5009289979934688,0.43369351271433537,10
YATSERVER|BINCSVM1|BCLEAN,ppmd,0-30 repetições,1.4088617801666257,0.34650220322137015,30
YATSERVER|BINCSVM1|BCLEAN,zlib,0-10 repetições,0.6539626836776729,0.012344839359062052,10
YATSERVER|BINCSVM1|BCLEAN,zlib,0-30 repetições,0.650516581535339,0.010408006529694263,30
YATSERVER|BINCSVM1|INFINITE,entropy,0-10 repetições,1.3417348623275753,0.06080472605468431,10
YATSERVER|BINCSVM1|INFINITE,entropy,0-30 repetições,1.4590330123901365,0.4861443280514238,30
YATSERVER|BINCSVM1|INFINITE,heif,0-10 repetições,212.23239448070527,3.784321589016343,10
YATSERVER|BINCSVM1|INFINITE,heif,0-30 repetições,214.97913312911987,4.7331697419602765,30
YATSERVER|BINCSVM1|INFINITE,ppmd,0-10 repetições,1.5609937906265254,0.6897004425655544,10
YATSERVER|BINCSVM1|INFINITE,ppmd,0-30 repetições,1.4935742934544878,0.6882911612879015,30
YATSERVER|BINCSVM1|INFINITE,zlib,0-10 repetições,0.5054423570632933,0.010046937379426553,10
YATSERVER|BINCSVM1|INFINITE,zlib,0-30 repetições,0.502167161305745,0.010932598101060656,30
YATSERVER|BINCSVM1|MONO,entropy,0-10 repetições,1.3490817785263058,1.0237337720706545,10
YATSERVER|BINCSVM1|MONO,entropy,0-30 repetições,1.221003127098083,0.6854935196748554,30
YATSERVER|BINCSVM1|MONO,heif,0-10 repetições,151.6841737508774,2.0421610159068235,10
YATSERVER|BINCSVM1|MONO,heif,0-30 repetições,151.9396598895391,2.462353654903032,30
YATSERVER|BINCSVM1|MONO,ppmd,0-10 repetições,1.4819607257843015,0.5518012507632518,10
YATSERVER|BINCSVM1|MONO,ppmd,0-30 repetições,1.4786000013351435,0.4447867694344313,30
YATSERVER|BINCSVM1|MONO,zlib,0-10 repetições,0.6435059070587152,0.01849783205259317,10
YATSERVER|BINCSVM1|MONO,zlib,0-30 repetições,0.6480379263559972,0.02037847276096943,30
YATSERVER|BINCSVM1|NOBREAK,entropy,0-10 repetições,17.34492301940918,1.5314074471591472,10
YATSERVER|BINCSVM1|NOBREAK,entropy,0-30 repetições,17.691777261098228,1.5067225986835384,30
YATSERVER|BINCSVM1|NOBREAK,heif,0-10 repetições,135.933412194252,4.706645705106983,10
YATSERVER|BINCSVM1|NOBREAK,heif,0-30 repetições,134.29707508881887,3.1730750178897353,30
YATSERVER|BINCSVM1|NOBREAK,ppmd,0-10 repetições,19.25221481323242,1.6470480428368324,10
YATSERVER|BINCSVM1|NOBREAK,ppmd,0-30 repetições,19.299887228012086,1.4304423655236977,30
YATSERVER|BINCSVM1|NOBREAK,zlib,0-10 repetições,5.460884356498719,0.07415703288376425,10
YATSERVER|BINCSVM1|NOBREAK,zlib,0-30 repetições,5.464412768681844,0.08858517647186818,30
YATSERVER|BINCSVM1|SLEEP,entropy,0-10 repetições,1.8204225778579708,0.5117322116439368,10
YATSERVER|BINCSVM1|SLEEP,entropy,0-30 repetições,1.8208771864573159,0.6330567338358396,30
YATSERVER|BINCSVM1|SLEEP,heif,0-10 repetições,170.9444167137146,2.8076144275883297,10
YATSERVER|BINCSVM1|SLEEP,heif,0-30 repetições,169.96653033892315,2.803923065484054,30
YATSERVER|BINCSVM1|SLEEP,ppmd,0-10 repetições,1.8657054662704464,0.42118078133791004,10
YATSERVER|BINCSVM1|SLEEP,ppmd,0-30 repetições,1.8796760718027747,0.5057043907277324,30
YATSERVER|BINCSVM1|SLEEP,zlib,0-10 repetições,0.6461540222167965,0.00974630842128104,10
YATSERVER|BINCSVM1|SLEEP,zlib,0-30 repetições,0.6439007679621375,0.008050931214854532,30
YATSERVER|BINCSVM1|SWAP,entropy,0-10 repetições,3.662028264999389,0.5895357786815209,10
YATSERVER|BINCSVM1|SWAP,entropy,0-30 repetições,3.7909314473470053,0.9456713215055559,30
YATSERVER|BINCSVM1|SWAP,heif,0-10 repetições,133.0781967639923,1.0883837796520115,10
YATSERVER|BINCSVM1|SWAP,heif,0-30 repetições,134.1568028608958,2.5006605682637995,30
YATSERVER|BINCSVM1|SWAP,ppmd,0-10 repetições,3.8174437999725344,0.7971489322787655,10
YATSERVER|BINCSVM1|SWAP,ppmd,0-30 repetições,3.762682636578878,0.8269707673606291,30
YATSERVER|BINCSVM1|SWAP,zlib,0-10 repetições,3.2217267751693726,0.029062569539134976,10
YATSERVER|BINCSVM1|SWAP,zlib,0-30 repetições,3.2280647039413446,0.029898531544336384,30
YATSERVER|BINCSVM1|UNLOCK,entropy,0-10 repetições,4.7120565414428714,0.9740566871885641,10
YATSERVER|BINCSVM1|UNLOCK,entropy,0-30 repetições,4.830036560694377,1.1205575813240292,30
YATSERVER|BINCSVM1|UNLOCK,heif,0-10 repetições,124.77474303245545,15.18047430338929,10
YATSERVER|BINCSVM1|UNLOCK,heif,0-30 repetições,119.66526772181193,10.084411256434448,30
YATSERVER|BINCSVM1|UNLOCK,ppmd,0-10 repetições,1.6250135183334347,0.991003530426163,10
YATSERVER|BINCSVM1|UNLOCK,ppmd,0-30 repetições,1.47869549592336,0.6235699579970847,30
YATSERVER|BINCSVM1|UNLOCK,zlib,0-10 repetições,0.5081807851791378,0.009821450342488608,10
YATSERVER|BINCSVM1|UNLOCK,zlib,0-30 repetições,0.5200545628865556,0.037574511636392666,30
YATSERVER|BINCSVM2|ALTCONTROL,entropy,0-10 repetições,1.0188605070114134,0.052606921882665754,10
YATSERVER|BINCSVM2|ALTCONTROL,entropy,0-30 repetições,1.082288297017415,0.2582004794630254,30
YATSERVER|BINCSVM2|ALTCONTROL,heif,0-10 repetições,142.31228971481323,2.2635415101393184,10
YATSERVER|BINCSVM2|ALTCONTROL,heif,0-30 repetições,141.48584057490032,2.1608412650642053,30
YATSERVER|BINCSVM2|ALTCONTROL,ppmd,0-10 repetições,20.942480039596557,1.1329696014884236,10
YATSERVER|BINCSVM2|ALTCONTROL,ppmd,0-30 repetições,21.23953362305959,1.4597307499957013,30
YATSERVER|BINCSVM2|ALTCONTROL,zlib,0-10 repetições,6.50456931591034,0.09652217431947785,10
YATSERVER|BINCSVM2|ALTCONTROL,zlib,0-30 repetições,6.523328145345052,0.07189659478857087,30
YATSERVER|BINCSVM2|BCLEAN,entropy,0-10 repetições,1.2531805038452144,0.6723388516324154,10
YATSERVER|BINCSVM2|BCLEAN,entropy,0-30 repetições,1.1776763598124185,0.5340749919453137,30
YATSERVER|BINCSVM2|BCLEAN,heif,0-10 repetições,118.03809626102448,2.618430508970735,10
YATSERVER|BINCSVM2|BCLEAN,heif,0-30 repetições,117.02285582224528,2.3450429260956143,30
YATSERVER|BINCSVM2|BCLEAN,ppmd,0-10 repetições,1.5416437864303585,0.6160609266971648,10
YATSERVER|BINCSVM2|BCLEAN,ppmd,0-30 repetições,1.6345632791519162,0.7354286512906132,30
YATSERVER|BINCSVM2|BCLEAN,zlib,0-10 repetições,0.519832634925842,0.015089180938171421,10
YATSERVER|BINCSVM2|BCLEAN,zlib,0-30 repetições,0.5212610801060991,0.015046336092053492,30
YATSERVER|BINCSVM2|INFINITE,entropy,0-10 repetições,1.370675992965698,1.0102180489996766,10
YATSERVER|BINCSVM2|INFINITE,entropy,0-30 repetições,1.2448101917902625,0.8072500938676531,30
YATSERVER|BINCSVM2|INFINITE,heif,0-10 repetições,230.89109737873076,1.7370944584680328,10
YATSERVER|BINCSVM2|INFINITE,heif,0-30 repetições,233.22689247926075,3.5505290998069556,30
YATSERVER|BINCSVM2|INFINITE,ppmd,0-10 repetições,2.472759318351746,1.0422534677205118,10
YATSERVER|BINCSVM2|INFINITE,ppmd,0-30 repetições,2.5003723462422687,0.950508188557804,30
YATSERVER|BINCSVM2|INFINITE,zlib,0-10 repetições,0.8022131919860837,0.022395751160401135,10
YATSERVER|BINCSVM2|INFINITE,zlib,0-30 repetições,0.7974146445592242,0.018743528934798154,30
YATSERVER|BINCSVM2|MONO,entropy,0-10 repetições,1.328705024719238,0.6887820475824794,10
YATSERVER|BINCSVM2|MONO,entropy,0-30 repetições,1.2553639332453408,0.6974922800505745,30
YATSERVER|BINCSVM2|MONO,heif,0-10 repetições,133.7761727809906,2.217405599380223,10
YATSERVER|BINCSVM2|MONO,heif,0-30 repetições,134.21494650046031,2.3014683213755553,30
YATSERVER|BINCSVM2|MONO,ppmd,0-10 repetições,2.011851072311401,0.9917874047659163,10
YATSERVER|BINCSVM2|MONO,ppmd,0-30 repetições,1.9867268641789753,0.882621585987142,30
YATSERVER|BINCSVM2|MONO,zlib,0-10 repetições,0.6484965562820431,0.00933656828295325,10
YATSERVER|BINCSVM2|MONO,zlib,0-30 repetições,0.657756129900614,0.026021149120971216,30
YATSERVER|BINCSVM2|NOBREAK,entropy,0-10 repetições,6.045244979858398,0.6482671026975628,10
YATSERVER|BINCSVM2|NOBREAK,entropy,0-30 repetições,6.1959049542744955,1.039338141578373,30
YATSERVER|BINCSVM2|NOBREAK,heif,0-10 repetições,85.29160289764404,1.6703821240304575,10
YATSERVER|BINCSVM2|NOBREAK,heif,0-30 repetições,85.99946303367615,1.885364499376504,30
YATSERVER|BINCSVM2|NOBREAK,ppmd,0-10 repetições,11.172634553909301,1.279070666992434,10
YATSERVER|BINCSVM2|NOBREAK,ppmd,0-30 repetições,11.340598193804423,1.2781881388729937,30
YATSERVER|BINCSVM2|NOBREAK,zlib,0-10 repetições,1.7923048734664913,0.03251215252857607,10
YATSERVER|BINCSVM2|NOBREAK,zlib,0-30 repetições,1.7964535872141516,0.028519777909694007,30
YATSERVER|BINCSVM2|SLEEP,entropy,0-10 repetições,1.937966442108154,0.9836090848822117,10
YATSERVER|BINCSVM2|SLEEP,entropy,0-30 repetições,1.838727784156799,0.8245083353201484,30
YATSERVER|BINCSVM2|SLEEP,heif,0-10 repetições,85.70227072238922,2.755027551453761,10
YATSERVER|BINCSVM2|SLEEP,heif,0-30 repetições,85.41113398869832,2.3390892785052557,30
YATSERVER|BINCSVM2|SLEEP,ppmd,0-10 repetições,1.4682796478271478,0.2948833146045685,10
YATSERVER|BINCSVM2|SLEEP,ppmd,0-30 repetições,1.6291444937388098,0.6781526212522209,30
YATSERVER|BINCSVM2|SLEEP,zlib,0-10 repetições,0.8157060861587521,0.015801998475215722,10
YATSERVER|BINCSVM2|SLEEP,zlib,0-30 repetições,0.811410562197367,0.01744957907924449,30
YATSERVER|BINCSVM2|SWAP,entropy,0-10 repetições,8.427380585670472,1.605349942272465,10
YATSERVER|BINCSVM2|SWAP,entropy,0-30 repetições,8.223798894882203,1.3492672921469846,30
YATSERVER|BINCSVM2|SWAP,heif,0-10 repetições,276.3321344614029,4.089687115484845,10
YATSERVER|BINCSVM2|SWAP,heif,0-30 repetições,277.7647975683212,5.055785675081302,30
YATSERVER|BINCSVM2|SWAP,ppmd,0-10 repetições,3.1546654462814328,1.1160002371541802,10
YATSERVER|BINCSVM2|SWAP,ppmd,0-30 repetições,3.1115046103795367,1.0719829371378415,30
YATSERVER|BINCSVM2|SWAP,zlib,0-10 repetições,2.8431548595428464,0.03069019243783045,10
YATSERVER|BINCSVM2|SWAP,zlib,0-30 repetições,2.8394906441370646,0.06563484399429821,30
YATSERVER|BINCSVM2|UNLOCK,entropy,0-10 repetições,10.780744242668153,1.6892560023477863,10
YATSERVER|BINCSVM2|UNLOCK,entropy,0-30 repetições,10.656325205167134,1.4671357907180884,30
YATSERVER|BINCSVM2|UNLOCK,heif,0-10 repetições,100.9078650712967,2.17115407332379,10
YATSERVER|BINCSVM2|UNLOCK,heif,0-30 repetições,100.44104353586833,1.8914782087205564,30
YATSERVER|BINCSVM2|UNLOCK,ppmd,0-10 repetições,1.3093204498291013,0.04819920111164258,10
YATSERVER|BINCSVM2|UNLOCK,ppmd,0-30 repetições,1.458432070414225,0.4535460768221916,30
YATSERVER|BINCSVM2|UNLOCK,zlib,0-10 repetições,1.6214992761611935,0.021907483274830712,10
YATSERVER|BINCSVM2|UNLOCK,zlib,0-30 repetições,1.6197919527689613,0.05240525639356235,30
YATSERVER|BINCSVM3|ALTCONTROL,entropy,0-10 repetições,1.0547106504440305,0.097471531224306,10
YATSERVER|BINCSVM3|ALTCONTROL,entropy,0-30 repetições,1.059986074765523,0.2534981704749285,30
YATSERVER|BINCSVM3|ALTCONTROL,heif,0-10 repetições,54.4877506017685,1.5752625201989843,10
YATSERVER|BINCSVM3|ALTCONTROL,heif,0-30 repetições,54.34303770065308,1.9248004235593157,30
YATSERVER|BINCSVM3|ALTCONTROL,ppmd,0-10 repetições,20.199184608459472,1.5320179295081924,10
YATSERVER|BINCSVM3|ALTCONTROL,ppmd,0-30 repetições,20.13231348991394,1.5067291209123217,30
YATSERVER|BINCSVM3|ALTCONTROL,zlib,0-10 repetições,6.248935651779175,0.07539993370095802,10
YATSERVER|BINCSVM3|ALTCONTROL,zlib,0-30 repetições,6.22990566889445,0.0564173359710554,30
YATSERVER|BINCSVM3|BCLEAN,entropy,0-10 repetições,1.4126635789871211,0.9819062778822399,10
YATSERVER|BINCSVM3|BCLEAN,entropy,0-30 repetições,1.2102741718292231,0.6199154673174959,30
YATSERVER|BINCSVM3|BCLEAN,heif,0-10 repetições,134.41622767448425,1.8612735938006737,10
YATSERVER|BINCSVM3|BCLEAN,heif,0-30 repetições,134.834228738149,5.306481154405799,30
YATSERVER|BINCSVM3|BCLEAN,ppmd,0-10 repetições,1.638317847251892,1.0123145402411218,10
YATSERVER|BINCSVM3|BCLEAN,ppmd,0-30 repetições,1.4582252343495685,0.6270628337126497,30
YATSERVER|BINCSVM3|BCLEAN,zlib,0-10 repetições,0.6227081060409543,0.013180110506291875,10
YATSERVER|BINCSVM3|BCLEAN,zlib,0-30 repetições,0.6209191322326656,0.010572811473806969,30
YATSERVER|BINCSVM3|INFINITE,entropy,0-10 repetições,1.409496164321899,1.0579374137544313,10
YATSERVER|BINCSVM3|INFINITE,entropy,0-30 repetições,1.2017527262369787,0.6580532905193516,30
YATSERVER|BINCSVM3|INFINITE,heif,0-10 repetições,133.6342139720917,1.5934273496728526,10
YATSERVER|BINCSVM3|INFINITE,heif,0-30 repetições,132.6938083410263,1.3702953413226384,30
YATSERVER|BINCSVM3|INFINITE,ppmd,0-10 repetições,1.8867873430252071,0.5562855745020103,10
YATSERVER|BINCSVM3|INFINITE,ppmd,0-30 repetições,1.8227321465810136,0.45395815729109834,30
YATSERVER|BINCSVM3|INFINITE,zlib,0-10 repetições,0.35667355060577355,0.006186387157500281,10
YATSERVER|BINCSVM3|INFINITE,zlib,0-30 repetições,0.35950547059376986,0.00836340049794678,30
YATSERVER|BINCSVM3|MONO,entropy,0-10 repetições,1.3070347309112544,0.549850379506112,10
YATSERVER|BINCSVM3|MONO,entropy,0-30 repetições,1.4234721024831132,0.5714374816137551,30
YATSERVER|BINCSVM3|MONO,heif,0-10 repetições,136.8778752565384,4.359364726546449,10
YATSERVER|BINCSVM3|MONO,heif,0-30 repetições,134.8755043665568,3.163770248538589,30
YATSERVER|BINCSVM3|MONO,ppmd,0-10 repetições,1.4740173578262323,0.5696117763321247,10
YATSERVER|BINCSVM3|MONO,ppmd,0-30 repetições,1.410059483846028,0.4051520274970415,30
YATSERVER|BINCSVM3|MONO,zlib,0-10 repetições,0.48764245510101256,0.007031538767459191,10
YATSERVER|BINCSVM3|MONO,zlib,0-30 repetições,0.48804090817769313,0.006664802162110061,30
YATSERVER|BINCSVM3|NOBREAK,entropy,0-10 repetições,7.24734206199646,1.8664075203760013,10
YATSERVER|BINCSVM3|NOBREAK,entropy,0-30 repetições,6.930490334828694,1.3960430999212614,30
YATSERVER|BINCSVM3|NOBREAK,heif,0-10 repetições,115.49273569583893,2.0148128247252384,10
YATSERVER|BINCSVM3|NOBREAK,heif,0-30 repetições,123.87319826285044,20.899296047854758,30
YATSERVER|BINCSVM3|NOBREAK,ppmd,0-10 repetições,8.431592082977295,1.355003507694475,10
YATSERVER|BINCSVM3|NOBREAK,ppmd,0-30 repetições,8.73274446328481,1.4587762366988677,30
YATSERVER|BINCSVM3|NOBREAK,zlib,0-10 repetições,5.637001848220825,0.09401840257681669,10
YATSERVER|BINCSVM3|NOBREAK,zlib,0-30 repetições,5.63940950234731,0.17427038300224526,30
YATSERVER|BINCSVM3|SLEEP,entropy,0-10 repetições,4.160265779495239,0.6653142070628475,10
YATSERVER|BINCSVM3|SLEEP,entropy,0-30 repetições,4.292982029914856,0.9088164241873754,30
YATSERVER|BINCSVM3|SLEEP,heif,0-10 repetições,189.25412406921387,1.4481857932439925,10
YATSERVER|BINCSVM3|SLEEP,heif,0-30 repetições,190.53189136187237,7.6961991704646495,30
YATSERVER|BINCSVM3|SLEEP,ppmd,0-10 repetições,2.4377571344375606,1.0074833223180932,10
YATSERVER|BINCSVM3|SLEEP,ppmd,0-30 repetições,2.4639651377995806,0.9944747769716183,30
YATSERVER|BINCSVM3|SLEEP,zlib,0-10 repetições,0.5056103944778438,0.037423718346879534,10
YATSERVER|BINCSVM3|SLEEP,zlib,0-30 repetições,0.4948273897171017,0.023219450531743263,30
YATSERVER|BINCSVM3|SWAP,entropy,0-10 repetições,8.01725161075592,1.121793066133792,10
YATSERVER|BINCSVM3|SWAP,entropy,0-30 repetições,7.633320275942484,1.2932838313859192,30
YATSERVER|BINCSVM3|SWAP,heif,0-10 repetições,84.82382986545562,1.8170884196133212,10
YATSERVER|BINCSVM3|SWAP,heif,0-30 repetições,85.05435942014059,1.8791491532187699,30
YATSERVER|BINCSVM3|SWAP,ppmd,0-10 repetições,12.85111837387085,1.2871588290418237,10
YATSERVER|BINCSVM3|SWAP,ppmd,0-30 repetições,13.029814910888671,1.2813108725155977,30
YATSERVER|BINCSVM3|SWAP,zlib,0-10 repetições,3.20828754901886,0.17361072534751634,10
YATSERVER|BINCSVM3|SWAP,zlib,0-30 repetições,3.172185325622558,0.12075778958387325,30
YATSERVER|BINCSVM3|UNLOCK,entropy,0-10 repetições,10.555353474617004,1.1858453296123481,10
YATSERVER|BINCSVM3|UNLOCK,entropy,0-30 repetições,10.61909895737966,1.0521908375053497,30
YATSERVER|BINCSVM3|UNLOCK,heif,0-10 repetições,187.30687725543976,2.2723625506148597,10
YATSERVER|BINCSVM3|UNLOCK,heif,0-30 repetições,188.4194777727127,4.039159725137553,30
YATSERVER|BINCSVM3|UNLOCK,ppmd,0-10 repetições,2.1531207323074337,0.5584037865721759,10
YATSERVER|BINCSVM3|UNLOCK,ppmd,0-30 repetições,2.155246829986572,0.5005589941288494,30
YATSERVER|BINCSVM3|UNLOCK,zlib,0-10 repetições,0.6204527616500851,0.016401492629460473,10
YATSERVER|BINCSVM3|UNLOCK,zlib,0-30 repetições,0.6218083858489987,0.014671136121573317,30
